{
  "loss": [
    1.8970720767974854,
    1.227974534034729,
    0.97819584608078,
    0.7625299096107483,
    0.7652223110198975,
    0.6556198000907898,
    0.7462360858917236,
    0.553349494934082,
    0.45490705966949463,
    0.478025883436203
  ],
  "accuracy": [
    0.34391534328460693,
    0.5873016119003296,
    0.6613756418228149,
    0.7407407164573669,
    0.7407407164573669,
    0.7777777910232544,
    0.7460317611694336,
    0.8465608358383179,
    0.820105791091919,
    0.8253968358039856
  ],
  "val_loss": [
    1.297995924949646,
    1.0446299314498901,
    0.8722361922264099,
    0.7297632098197937,
    0.636447548866272,
    0.5708386898040771,
    0.5177841782569885,
    0.46084362268447876,
    0.4181210398674011,
    0.39142659306526184
  ],
  "val_accuracy": [
    0.54347825050354,
    0.6521739363670349,
    0.739130437374115,
    0.782608687877655,
    0.782608687877655,
    0.8260869383811951,
    0.8260869383811951,
    0.8695651888847351,
    0.8913043737411499,
    0.9130434989929199
  ],
  "lr": [
    0.0010000000474974513,
    0.0010000000474974513,
    0.0010000000474974513,
    0.0010000000474974513,
    0.0010000000474974513,
    0.0010000000474974513,
    0.0010000000474974513,
    0.0010000000474974513,
    0.0010000000474974513,
    0.0010000000474974513
  ]
}